clients_by,training_mode,calibration_scope,model,decision_policy,roc_auc,pr_auc,f1,precision,recall,false_alarm_rate,miss_rate,uncertain_rate,mean_health_normal,mean_health_fault,health_gap
bearing,centralized,adaptive,cnn-ae,fuzzy_fault_only_hi75,0.6811761532203686,0.992940065611695,0.5495810727677323,0.9994143296735604,0.3972429898164085,0.013694542986028993,0.6027570101835915,0.03775846804513873,0.09235905250819353,0.4451584924959835,0.3527994399877899
bearing,centralized,adaptive,cnn-ae,fuzzy_warning_as_alarm_hi50,0.6811761532203686,0.992940065611695,0.5659911359817724,0.9988016293036829,0.41376667383821,0.02991041111531763,0.58623332616179,0.03775846804513873,0.09235905250819353,0.4451584924959835,0.3527994399877899
bearing,centralized,adaptive,cnn-ae,hard_val_p95,0.6811761532203686,0.992940065611695,0.5659911359817724,0.9988016293036829,0.41376667383821,0.02991041111531763,0.58623332616179,0.03775846804513873,0.09235905250819353,0.4451584924959835,0.3527994399877899
bearing,centralized,client_specific,cnn-ae,fuzzy_fault_only_hi75,0.7061645783697988,0.9930429428977248,0.6288478002463623,0.9987374793444256,0.49490820424555365,0.029464312453250086,0.5050917957544464,0.049143079568126906,0.10885858390321441,0.5316694889812676,0.42281090507805325
bearing,centralized,client_specific,cnn-ae,fuzzy_warning_as_alarm_hi50,0.7061645783697988,0.9930429428977248,0.649517205308043,0.9978765082113131,0.518659459265634,0.052536221064823835,0.48134054073436605,0.049143079568126906,0.10885858390321441,0.5316694889812676,0.42281090507805325
bearing,centralized,client_specific,cnn-ae,hard_val_p95,0.7061645783697988,0.9930429428977248,0.649517205308043,0.9978765082113131,0.518659459265634,0.052536221064823835,0.48134054073436605,0.049143079568126906,0.10885858390321441,0.5316694889812676,0.42281090507805325
bearing,centralized,pooled,cnn-ae,fuzzy_fault_only_hi75,0.6312884518009152,0.9906445157318168,0.43240080342763765,0.998442280800952,0.27596098680436026,0.03404338019533132,0.7240390131956397,0.031110791813117076,0.1423786603485523,0.3416841982472583,0.19930553789870606
bearing,centralized,pooled,cnn-ae,fuzzy_warning_as_alarm_hi50,0.6312884518009152,0.9906445157318168,0.4484988158231021,0.9969653758887184,0.28933591508892714,0.07161783383699032,0.7106640849110728,0.031110791813117076,0.1423786603485523,0.3416841982472583,0.19930553789870606
bearing,centralized,pooled,cnn-ae,hard_val_p95,0.6312884518009152,0.9906445157318168,0.4484988158231021,0.9969653758887184,0.28933591508892714,0.07161783383699032,0.7106640849110728,0.031110791813117076,0.1423786603485523,0.3416841982472583,0.19930553789870606
bearing,fedavg,adaptive,cnn-ae,fuzzy_fault_only_hi75,0.6753477194222454,0.9929123679043865,0.5146479423434266,0.9991217520822785,0.3599556708978772,0.01300827896451793,0.6400443291021228,0.04869711548214755,0.09204719548624728,0.41581674719273903,0.3237695517064917
bearing,fedavg,adaptive,cnn-ae,fuzzy_warning_as_alarm_hi50,0.6753477194222454,0.9929123679043865,0.5391068066143968,0.9985321966506562,0.3827692466293746,0.027163912825362502,0.6172307533706254,0.04869711548214755,0.09204719548624728,0.41581674719273903,0.3237695517064917
bearing,fedavg,adaptive,cnn-ae,hard_val_p95,0.6753477194222454,0.9929123679043865,0.5391068066143968,0.9985321966506562,0.3827692466293746,0.027163912825362502,0.6172307533706254,0.04869711548214755,0.09204719548624728,0.41581674719273903,0.3237695517064917
bearing,fedavg,client_specific,cnn-ae,fuzzy_fault_only_hi75,0.7039354656176255,0.9931527658327549,0.6039175078533782,0.9985800352912162,0.4678598321858864,0.02675528874458627,0.5321401678141136,0.058580640698571676,0.10649465098629878,0.5120580073896288,0.4055633564033301
bearing,fedavg,client_specific,cnn-ae,fuzzy_warning_as_alarm_hi50,0.7039354656176255,0.9931527658327549,0.6312808365818451,0.9975374082353687,0.4994224666523236,0.05339994865624246,0.5005775333476764,0.058580640698571676,0.10649465098629878,0.5120580073896288,0.4055633564033301
bearing,fedavg,client_specific,cnn-ae,hard_val_p95,0.7039354656176255,0.9931527658327549,0.6312808365818451,0.9975374082353687,0.4994224666523236,0.05339994865624246,0.5005775333476764,0.058580640698571676,0.10649465098629878,0.5120580073896288,0.4055633564033301
bearing,fedavg,pooled,cnn-ae,fuzzy_fault_only_hi75,0.6243405561681536,0.9904961550649075,0.39770423525083065,0.9980482760673797,0.24937428284566837,0.03439350684095847,0.7506257171543316,0.04048770457050974,0.1389378403126215,0.3244008464221082,0.1854630061094867
bearing,fedavg,pooled,cnn-ae,fuzzy_warning_as_alarm_hi50,0.6243405561681536,0.9904961550649075,0.42078818312033894,0.9966644046560952,0.26687464142283424,0.06744906823890046,0.7331253585771658,0.04048770457050974,0.1389378403126215,0.3244008464221082,0.1854630061094867
bearing,fedavg,pooled,cnn-ae,hard_val_p95,0.6243405561681536,0.9904961550649075,0.42078818312033894,0.9966644046560952,0.26687464142283424,0.06744906823890046,0.7331253585771658,0.04048770457050974,0.1389378403126215,0.3244008464221082,0.1854630061094867
bearing,fedavg-personalized,client_specific,cnn-ae,fuzzy_fault_only_hi75,0.749996785410416,0.9949975357484665,0.687074095481704,0.9990547677008195,0.5653148307515777,0.02663626202211659,0.4346851692484222,0.04142059155149149,0.10705001893052829,0.5978584820571359,0.4908084631266075
bearing,fedavg-personalized,client_specific,cnn-ae,fuzzy_warning_as_alarm_hi50,0.749996785410416,0.9949975357484665,0.7031895043940134,0.9981294783476011,0.5861885040160643,0.05222203050539326,0.4138114959839358,0.04142059155149149,0.10705001893052829,0.5978584820571359,0.4908084631266075
bearing,fedavg-personalized,client_specific,cnn-ae,hard_val_p95,0.749996785410416,0.9949975357484665,0.7031895043940134,0.9981294783476011,0.5861885040160643,0.05222203050539326,0.4138114959839358,0.04142059155149149,0.10705001893052829,0.5978584820571359,0.4908084631266075
bearing,fedbn,adaptive,cnn-ae,fuzzy_fault_only_hi75,0.7516954466876337,0.9951034039394073,0.6408226931576078,0.9994693960556867,0.4996730224469306,0.012979021591556082,0.5003269775530694,0.04138528573972576,0.09629502981971878,0.5508691899177743,0.4545741600980555
bearing,fedbn,adaptive,cnn-ae,fuzzy_warning_as_alarm_hi50,0.7516954466876337,0.9951034039394073,0.6589093843378007,0.9989275259217635,0.5187627743115318,0.03051560661541639,0.48123722568846816,0.04138528573972576,0.09629502981971878,0.5508691899177743,0.4545741600980555
bearing,fedbn,adaptive,cnn-ae,hard_val_p95,0.7516954466876337,0.9951034039394073,0.6589093843378007,0.9989275259217635,0.5187627743115318,0.03051560661541639,0.48123722568846816,0.04138528573972576,0.09629502981971878,0.5508691899177743,0.4545741600980555
bearing,fedbn,client_specific,cnn-ae,fuzzy_fault_only_hi75,0.7679633801069828,0.9951180210711302,0.70843614088187,0.9989777202564427,0.5938228359868044,0.026911177679694927,0.40617716401319565,0.03786284817490667,0.10734890088626162,0.624304875929154,0.5169559750428924
bearing,fedbn,client_specific,cnn-ae,fuzzy_warning_as_alarm_hi50,0.7679633801069828,0.9951180210711302,0.7235141581052615,0.9980449951837403,0.6128812123493976,0.05418367774850526,0.3871187876506024,0.03786284817490667,0.10734890088626162,0.624304875929154,0.5169559750428924
bearing,fedbn,client_specific,cnn-ae,hard_val_p95,0.7679633801069828,0.9951180210711302,0.7235141581052615,0.9980449951837403,0.6128812123493976,0.05418367774850526,0.3871187876506024,0.03786284817490667,0.10734890088626162,0.624304875929154,0.5169559750428924
bearing,fedbn,pooled,cnn-ae,fuzzy_fault_only_hi75,0.7173221511909341,0.9935376262232002,0.4673320785552109,0.9860277016597876,0.3131443183448078,0.046250766434546495,0.6868556816551922,0.05661119800260545,0.15282845719051918,0.4158768012212851,0.26304834403076593
bearing,fedbn,pooled,cnn-ae,fuzzy_warning_as_alarm_hi50,0.7173221511909341,0.9935376262232002,0.4969366353707642,0.9848054865651643,0.3389945944492255,0.08125136863311873,0.6610054055507746,0.05661119800260545,0.15282845719051918,0.4158768012212851,0.26304834403076593
bearing,fedbn,pooled,cnn-ae,hard_val_p95,0.7173221511909341,0.9935376262232002,0.4969366353707642,0.9848054865651643,0.3389945944492255,0.08125136863311873,0.6610054055507746,0.05661119800260545,0.15282845719051918,0.4158768012212851,0.26304834403076593
bearing,fedbn-personalized,client_specific,cnn-ae,fuzzy_fault_only_hi75,0.7495814198964458,0.9949721956309211,0.6879202104676755,0.9989549794148713,0.5664533132530121,0.028068155202865833,0.43354668674698793,0.03928010553858458,0.10773264983193047,0.5980030925961185,0.490270442764188
bearing,fedbn-personalized,client_specific,cnn-ae,fuzzy_warning_as_alarm_hi50,0.7495814198964458,0.9949721956309211,0.7028059229896146,0.998048075241737,0.586101100831899,0.050738421385454,0.41389889916810096,0.03928010553858458,0.10773264983193047,0.5980030925961185,0.490270442764188
bearing,fedbn-personalized,client_specific,cnn-ae,hard_val_p95,0.7495814198964458,0.9949721956309211,0.7028059229896146,0.998048075241737,0.586101100831899,0.050738421385454,0.41389889916810096,0.03928010553858458,0.10773264983193047,0.5980030925961185,0.490270442764188
bearing,fedprox,adaptive,cnn-ae,fuzzy_fault_only_hi75,0.6760519118491018,0.9929531020815936,0.519111179247935,0.9992449265772784,0.3638112718732071,0.01281327957991597,0.636188728126793,0.0485823462676715,0.09289333596959351,0.4191115635745038,0.3262182276049103
bearing,fedprox,adaptive,cnn-ae,fuzzy_warning_as_alarm_hi50,0.6760519118491018,0.9929531020815936,0.5431908280758934,0.9985543188388326,0.38640970130522084,0.028791309567024637,0.6135902986947791,0.0485823462676715,0.09289333596959351,0.4191115635745038,0.3262182276049103
bearing,fedprox,adaptive,cnn-ae,hard_val_p95,0.6760519118491018,0.9929531020815936,0.5431908280758934,0.9985543188388326,0.38640970130522084,0.028791309567024637,0.6135902986947791,0.0485823462676715,0.09289333596959351,0.4191115635745038,0.3262182276049103
bearing,fedprox,client_specific,cnn-ae,fuzzy_fault_only_hi75,0.7052002427818244,0.9932105096102257,0.6071471980814881,0.9987140724989263,0.47034790949512334,0.02627702990903707,0.5296520905048766,0.0595013029735865,0.10817409904612565,0.5145236520022437,0.4063495529561181
bearing,fedprox,client_specific,cnn-ae,fuzzy_warning_as_alarm_hi50,0.7052002427818244,0.9932105096102257,0.6346792086407486,0.9975467691859713,0.5023217871485943,0.05657791259409055,0.4976782128514056,0.0595013029735865,0.10817409904612565,0.5145236520022437,0.4063495529561181
bearing,fedprox,client_specific,cnn-ae,hard_val_p95,0.7052002427818244,0.9932105096102257,0.6346792086407486,0.9975467691859713,0.5023217871485943,0.05657791259409055,0.4976782128514056,0.0595013029735865,0.10817409904612565,0.5145236520022437,0.4063495529561181
bearing,fedprox,pooled,cnn-ae,fuzzy_fault_only_hi75,0.6244995783461079,0.9905106099176458,0.4002821859026362,0.9981247429239769,0.25119406196213423,0.03420052957121731,0.7488059380378657,0.04012968116011494,0.13894315970712512,0.3260945977907081,0.18715143808358298
bearing,fedprox,pooled,cnn-ae,fuzzy_warning_as_alarm_hi50,0.6244995783461079,0.9905106099176458,0.42260985097742726,0.9966867999339617,0.2682928141135973,0.06770548949763959,0.7317071858864028,0.04012968116011494,0.13894315970712512,0.3260945977907081,0.18715143808358298
bearing,fedprox,pooled,cnn-ae,hard_val_p95,0.6244995783461079,0.9905106099176458,0.42260985097742726,0.9966867999339617,0.2682928141135973,0.06770548949763959,0.7317071858864028,0.04012968116011494,0.13894315970712512,0.3260945977907081,0.18715143808358298
bearing,fedprox-personalized,client_specific,cnn-ae,fuzzy_fault_only_hi75,0.7505656354284437,0.9949771270941948,0.6903453538449758,0.9989469184845747,0.5696379267068273,0.029179182356720016,0.4303620732931727,0.03996833070760986,0.10937139802785055,0.6013950893151642,0.49202369128731366
bearing,fedprox-personalized,client_specific,cnn-ae,fuzzy_warning_as_alarm_hi50,0.7505656354284437,0.9949771270941948,0.7064273104946506,0.9979874625759108,0.5909396514629949,0.05817207914001457,0.4090603485370052,0.03996833070760986,0.10937139802785055,0.6013950893151642,0.49202369128731366
bearing,fedprox-personalized,client_specific,cnn-ae,hard_val_p95,0.7505656354284437,0.9949771270941948,0.7064273104946506,0.9979874625759108,0.5909396514629949,0.05817207914001457,0.4090603485370052,0.03996833070760986,0.10937139802785055,0.6013950893151642,0.49202369128731366
bearing,local-only,client_specific,cnn-ae,fuzzy_fault_only_hi75,0.8669422928943232,0.9970901490942877,0.7703937098626091,0.9991725556609481,0.660880127653471,0.023972901973064783,0.33911987234652896,0.07062217894731128,0.10056669650286892,0.7132303787747268,0.6126636822718579
bearing,local-only,client_specific,cnn-ae,fuzzy_warning_as_alarm_hi50,0.8669422928943232,0.9970901490942877,0.802102072362691,0.9985256202208236,0.6989856748422261,0.048780529498512054,0.30101432515777393,0.07062217894731128,0.10056669650286892,0.7132303787747268,0.6126636822718579
bearing,local-only,client_specific,cnn-ae,hard_val_p95,0.8669422928943232,0.9970901490942877,0.802102072362691,0.9985256202208236,0.6989856748422261,0.048780529498512054,0.30101432515777393,0.07062217894731128,0.10056669650286892,0.7132303787747268,0.6126636822718579
condition,centralized,adaptive,cnn-ae,fuzzy_fault_only_hi75,0.6277413357733572,0.9751856898003122,0.44839594297204916,0.9967684144181305,0.28967656339644293,0.020372748459338078,0.7103234366035571,0.024871583587519393,0.11830476261690664,0.34371318663323003,0.2254084240163234
condition,centralized,adaptive,cnn-ae,fuzzy_warning_as_alarm_hi50,0.6277413357733572,0.9751856898003122,0.4604422025995998,0.9938549033181396,0.2999617517689807,0.045156326921140716,0.7000382482310193,0.024871583587519393,0.11830476261690664,0.34371318663323003,0.2254084240163234
condition,centralized,adaptive,cnn-ae,hard_val_p95,0.6277413357733572,0.9751856898003122,0.4604422025995998,0.9938549033181396,0.2999617517689807,0.045156326921140716,0.7000382482310193,0.024871583587519393,0.11830476261690664,0.34371318663323003,0.2254084240163234
condition,centralized,client_specific,cnn-ae,fuzzy_fault_only_hi75,0.6183026811884255,0.9751365957423983,0.47939178555114914,0.9960875517110761,0.3193727290112832,0.025332021369445692,0.6806272709887168,0.035123404033994714,0.12912470026572667,0.37089856908789565,0.24177386882216897
condition,centralized,client_specific,cnn-ae,fuzzy_warning_as_alarm_hi50,0.6183026811884255,0.9751365957423983,0.49626408463647476,0.9923771238205722,0.3352337923121056,0.055425471000594834,0.6647662076878944,0.035123404033994714,0.12912470026572667,0.37089856908789565,0.24177386882216897
condition,centralized,client_specific,cnn-ae,hard_val_p95,0.6183026811884255,0.9751365957423983,0.49626408463647476,0.9923771238205722,0.3352337923121056,0.055425471000594834,0.6647662076878944,0.035123404033994714,0.12912470026572667,0.37089856908789565,0.24177386882216897
condition,centralized,pooled,cnn-ae,fuzzy_fault_only_hi75,0.6419134185852234,0.9756066891764726,0.4338473796717061,0.9949459122847818,0.27741322432587495,0.029526352623032128,0.7225867756741251,0.029411477077611173,0.12908509313889674,0.3415293824493404,0.21244428931044368
condition,centralized,pooled,cnn-ae,fuzzy_warning_as_alarm_hi50,0.6419134185852234,0.9756066891764726,0.4471463223186061,0.9908826571497344,0.28872633390705676,0.06106796578269702,0.7112736660929432,0.029411477077611173,0.12908509313889674,0.3415293824493404,0.21244428931044368
condition,centralized,pooled,cnn-ae,hard_val_p95,0.6419134185852234,0.9756066891764726,0.4471463223186061,0.9908826571497344,0.28872633390705676,0.06106796578269702,0.7112736660929432,0.029411477077611173,0.12908509313889674,0.3415293824493404,0.21244428931044368
condition,fedavg,adaptive,cnn-ae,fuzzy_fault_only_hi75,0.6265337149169963,0.975068857594729,0.41902374585301755,0.9965677545342039,0.26588676133103845,0.01831998206241464,0.7341132386689616,0.030231809728435435,0.1154678155412516,0.33022279938444926,0.21475498384319763
condition,fedavg,adaptive,cnn-ae,fuzzy_warning_as_alarm_hi50,0.6265337149169963,0.975068857594729,0.4339112740313291,0.9933970993337089,0.27811304742780646,0.04022055076540492,0.7218869525721936,0.030231809728435435,0.1154678155412516,0.33022279938444926,0.21475498384319763
condition,fedavg,adaptive,cnn-ae,hard_val_p95,0.6265337149169963,0.975068857594729,0.4339112740313291,0.9933970993337089,0.27811304742780646,0.04022055076540492,0.7218869525721936,0.030231809728435435,0.1154678155412516,0.33022279938444926,0.21475498384319763
condition,fedavg,client_specific,cnn-ae,fuzzy_fault_only_hi75,0.6216328237639636,0.9751632824227331,0.4708360696571299,0.9960443979110689,0.3154301730732454,0.02624514576450001,0.6845698269267546,0.039522332661429016,0.1287291246693721,0.3733534233825242,0.24462429871315206
condition,fedavg,client_specific,cnn-ae,fuzzy_warning_as_alarm_hi50,0.6216328237639636,0.9751632824227331,0.4897461114900589,0.9925490580021815,0.33355744406196214,0.05068647707429583,0.6664425559380379,0.039522332661429016,0.1287291246693721,0.3733534233825242,0.24462429871315206
condition,fedavg,client_specific,cnn-ae,hard_val_p95,0.6216328237639636,0.9751632824227331,0.4897461114900589,0.9925490580021815,0.33355744406196214,0.05068647707429583,0.6664425559380379,0.039522332661429016,0.1287291246693721,0.3733534233825242,0.24462429871315206
condition,fedavg,pooled,cnn-ae,fuzzy_fault_only_hi75,0.6347701665725259,0.9751897526946613,0.3995428905161209,0.9947231339309734,0.2500125502008032,0.026732845485367956,0.7499874497991967,0.03378880747313755,0.12607803058811615,0.32234163736685106,0.19626360677873492
condition,fedavg,pooled,cnn-ae,fuzzy_warning_as_alarm_hi50,0.6347701665725259,0.9751897526946613,0.4152319193292997,0.9901243638610346,0.2627420395869191,0.05689109031981899,0.7372579604130809,0.03378880747313755,0.12607803058811615,0.32234163736685106,0.19626360677873492
condition,fedavg,pooled,cnn-ae,hard_val_p95,0.6347701665725259,0.9751897526946613,0.4152319193292997,0.9901243638610346,0.2627420395869191,0.05689109031981899,0.7372579604130809,0.03378880747313755,0.12607803058811615,0.32234163736685106,0.19626360677873492
condition,fedavg-personalized,client_specific,cnn-ae,fuzzy_fault_only_hi75,0.6725158063390015,0.979590933474126,0.5268490420248154,0.9962285008326653,0.3706373111493593,0.027768481611813108,0.6293626888506406,0.03469659056204144,0.12968265725370653,0.43121058355252706,0.3015279262988206
condition,fedavg-personalized,client_specific,cnn-ae,fuzzy_warning_as_alarm_hi50,0.6725158063390015,0.979590933474126,0.5418982194514277,0.9929044896807859,0.3863967775865366,0.053769023939634834,0.6136032224134634,0.03469659056204144,0.12968265725370653,0.43121058355252706,0.3015279262988206
condition,fedavg-personalized,client_specific,cnn-ae,hard_val_p95,0.6725158063390015,0.979590933474126,0.5418982194514277,0.9929044896807859,0.3863967775865366,0.053769023939634834,0.6136032224134634,0.03469659056204144,0.12968265725370653,0.43121058355252706,0.3015279262988206
condition,fedbn,adaptive,cnn-ae,fuzzy_fault_only_hi75,0.6857627927528743,0.9796977825544155,0.4801851550223832,0.9965594639893779,0.3211919104991394,0.03199030604460801,0.6788080895008606,0.05052194233455939,0.13070775671330312,0.3998478864495533,0.26914012973625023
condition,fedbn,adaptive,cnn-ae,fuzzy_warning_as_alarm_hi50,0.6857627927528743,0.9796977825544155,0.501987782112825,0.9936376078949446,0.3408168387837063,0.06363960648495597,0.6591831612162937,0.05052194233455939,0.13070775671330312,0.3998478864495533,0.26914012973625023
condition,fedbn,adaptive,cnn-ae,hard_val_p95,0.6857627927528743,0.9796977825544155,0.501987782112825,0.9936376078949446,0.3408168387837063,0.06363960648495597,0.6591831612162937,0.05052194233455939,0.13070775671330312,0.3998478864495533,0.26914012973625023
condition,fedbn,client_specific,cnn-ae,fuzzy_fault_only_hi75,0.6778181143369438,0.9794993839616153,0.5316476073303679,0.9961780132038381,0.37530060719066743,0.027472122311601305,0.6246993928093325,0.0388960811824827,0.130556170785767,0.4393266172517209,0.30877044646595386
condition,fedbn,client_specific,cnn-ae,fuzzy_warning_as_alarm_hi50,0.6778181143369438,0.9794993839616153,0.5490943909598094,0.9930993575318662,0.3933675176898069,0.054662505937501354,0.6066324823101932,0.0388960811824827,0.130556170785767,0.4393266172517209,0.30877044646595386
condition,fedbn,client_specific,cnn-ae,hard_val_p95,0.6778181143369438,0.9794993839616153,0.5490943909598094,0.9930993575318662,0.3933675176898069,0.054662505937501354,0.6066324823101932,0.0388960811824827,0.130556170785767,0.4393266172517209,0.30877044646595386
condition,fedbn,pooled,cnn-ae,fuzzy_fault_only_hi75,0.6972459375243496,0.9802767378050509,0.4520599831744823,0.9948547164954383,0.29731664754255116,0.056500676056720815,0.7026833524574488,0.06119588068083335,0.15066764558151835,0.39283988412467724,0.24217223854315886
condition,fedbn,pooled,cnn-ae,fuzzy_warning_as_alarm_hi50,0.6972459375243496,0.9802767378050509,0.4820983224152725,0.9914784195388623,0.32507410594759995,0.08870285438621524,0.6749258940524001,0.06119588068083335,0.15066764558151835,0.39283988412467724,0.24217223854315886
condition,fedbn,pooled,cnn-ae,hard_val_p95,0.6972459375243496,0.9802767378050509,0.4820983224152725,0.9914784195388623,0.32507410594759995,0.08870285438621524,0.6749258940524001,0.06119588068083335,0.15066764558151835,0.39283988412467724,0.24217223854315886
condition,fedbn-personalized,client_specific,cnn-ae,fuzzy_fault_only_hi75,0.6724053410014128,0.979602130400585,0.5251843048074369,0.9960687029223513,0.3693524096385542,0.030737942625669645,0.6306475903614458,0.0341987627289094,0.13021212268551227,0.43042301503088276,0.3002108923453705
condition,fedbn-personalized,client_specific,cnn-ae,fuzzy_warning_as_alarm_hi50,0.6724053410014128,0.979602130400585,0.5399773172272185,0.9930529675826077,0.38504016064257024,0.05619757780829144,0.6149598393574297,0.0341987627289094,0.13021212268551227,0.43042301503088276,0.3002108923453705
condition,fedbn-personalized,client_specific,cnn-ae,hard_val_p95,0.6724053410014128,0.979602130400585,0.5399773172272185,0.9930529675826077,0.38504016064257024,0.05619757780829144,0.6149598393574297,0.0341987627289094,0.13021212268551227,0.43042301503088276,0.3002108923453705
condition,fedprox,adaptive,cnn-ae,fuzzy_fault_only_hi75,0.6275820545345229,0.9751658333524735,0.4191822174793353,0.9966618084552396,0.26602899694014154,0.017229186625627647,0.7339710030598585,0.030361881305492628,0.11383887197003181,0.3302306019946725,0.21639173002464068
condition,fedprox,adaptive,cnn-ae,fuzzy_warning_as_alarm_hi50,0.6275820545345229,0.9751658333524735,0.43424561903028636,0.9934574244656951,0.27838138267355134,0.038167376696087024,0.7216186173264486,0.030361881305492628,0.11383887197003181,0.3302306019946725,0.21639173002464068
condition,fedprox,adaptive,cnn-ae,hard_val_p95,0.6275820545345229,0.9751658333524735,0.43424561903028636,0.9934574244656951,0.27838138267355134,0.038167376696087024,0.7216186173264486,0.030361881305492628,0.11383887197003181,0.3302306019946725,0.21639173002464068
condition,fedprox,client_specific,cnn-ae,fuzzy_fault_only_hi75,0.622386399239657,0.975302566323253,0.4723061125612283,0.9960976496795003,0.3168513339070568,0.025661124175158298,0.6831486660929431,0.03962180282070917,0.12858522643218145,0.3745800971940666,0.24599487076188511
condition,fedprox,client_specific,cnn-ae,fuzzy_warning_as_alarm_hi50,0.622386399239657,0.975302566323253,0.4915850756461388,0.9926988124160788,0.3353820042073054,0.05110728146134494,0.6646179957926945,0.03962180282070917,0.12858522643218145,0.3745800971940666,0.24599487076188511
condition,fedprox,client_specific,cnn-ae,hard_val_p95,0.622386399239657,0.975302566323253,0.4915850756461388,0.9926988124160788,0.3353820042073054,0.05110728146134494,0.6646179957926945,0.03962180282070917,0.12858522643218145,0.3745800971940666,0.24599487076188511
condition,fedprox,pooled,cnn-ae,fuzzy_fault_only_hi75,0.6359830508761777,0.9752688245742221,0.3989379233605991,0.9946045547003938,0.24957329317269078,0.026344469584242105,0.7504267068273093,0.03437130495806145,0.12396790711139477,0.32216370869470873,0.19819580158331393
condition,fedprox,pooled,cnn-ae,fuzzy_warning_as_alarm_hi50,0.6359830508761777,0.9752688245742221,0.4152546199687515,0.9903385232710918,0.26274921113023525,0.052968738321884534,0.7372507888697648,0.03437130495806145,0.12396790711139477,0.32216370869470873,0.19819580158331393
condition,fedprox,pooled,cnn-ae,hard_val_p95,0.6359830508761777,0.9752688245742221,0.4152546199687515,0.9903385232710918,0.26274921113023525,0.052968738321884534,0.7372507888697648,0.03437130495806145,0.12396790711139477,0.32216370869470873,0.19819580158331393
condition,fedprox-personalized,client_specific,cnn-ae,fuzzy_fault_only_hi75,0.6733738305908834,0.9796922806709885,0.5262032879144386,0.9966117168302211,0.3703086154140371,0.024268243494073617,0.6296913845859629,0.03557793606302686,0.12803104833084034,0.4314415421684775,0.3034104938376372
condition,fedprox-personalized,client_specific,cnn-ae,fuzzy_warning_as_alarm_hi50,0.6733738305908834,0.9796922806709885,0.5409200205097888,0.9933301965969901,0.3859246509848919,0.05166586676401389,0.6140753490151081,0.03557793606302686,0.12803104833084034,0.4314415421684775,0.3034104938376372
condition,fedprox-personalized,client_specific,cnn-ae,hard_val_p95,0.6733738305908834,0.9796922806709885,0.5409200205097888,0.9933301965969901,0.3859246509848919,0.05166586676401389,0.6140753490151081,0.03557793606302686,0.12803104833084034,0.4314415421684775,0.3034104938376372
condition,local-only,client_specific,cnn-ae,fuzzy_fault_only_hi75,0.7664059291894554,0.9853204632110857,0.6292394743648501,0.996830824838905,0.47218636450564166,0.03239401907536195,0.5278136354943583,0.08083778696384698,0.12274506253140045,0.5428357475795307,0.4200906850481303
condition,local-only,client_specific,cnn-ae,fuzzy_warning_as_alarm_hi50,0.7664059291894554,0.9853204632110857,0.6638818282390024,0.9949557438341716,0.5073329030407343,0.05462742140415962,0.4926670969592657,0.08083778696384698,0.12274506253140045,0.5428357475795307,0.4200906850481303
condition,local-only,client_specific,cnn-ae,hard_val_p95,0.7664059291894554,0.9853204632110857,0.6638818282390024,0.9949557438341716,0.5073329030407343,0.05462742140415962,0.4926670969592657,0.08083778696384698,0.12274506253140045,0.5428357475795307,0.4200906850481303
